First Name,Surname,Gender,Email Address,Phone Number,Status,Deactivates At,Password,Created At,Plan,Trial Ends At,Address Line1,Address Line2,Country,State,State Code,City,Postcode/Zip,Note
Eladio,Adams,male,vince.tillman@example.org,+16578909621,Pending,,P@s$w0rd!,2022-11-15 19:03:00,1000000,2024-11-15 19:00:00,"364 Zelda Isle Suite 497
Borermouth",,United States,Montana,MT,Kleinshire,6489,A special Note
Alicia,Kovacek,female,pmayert@example.com,+14175380202,Active,,P@s$w0rd!,2022-04-14 16:17:21,1000000,2024-12-15 19:00:00,"576 Bartell Lodge Apt. 312
Lindgrenville",,United States,Nebraska,NE,East Virgie,70482,
Janae,Schmeler,female,pswift@example.net,,Active,2022-11-15 19:03:00,P@s$w0rd!,2022-06-16 02:04:27,1000003,2024-11-15 19:00:00,"2478 McGlynn Mountains
New Kitty",,United States,Nevada,NV,Port Nikkomouth,6799,A special Note
Tristin,Morissette,male,monahan.trycia@example.net,+17278309783,Active,,P@s$w0rd!,2023-02-17 11:53:01,1000001,2024-12-15 19:00:00,"504 Ruthie Mews
Gulgowskihaven",,United States,New Hampshire,NH,Bradtkeburgh,45982,
Trace,Howe,male,maddison.durgan@example.org,,Pending,,P@s$w0rd!,2024-03-20 15:35:40,1000000,2024-11-15 19:00:00,"113 Effertz Fields
East Queenie",,United States,New Jersey,NJ,Halieshire,AR 82545,
Gregory,Lindgren,male,ykautzer@example.net,,Pending,,P@s$w0rd!,2021-05-12 01:04:31,1000000,2024-12-15 19:00:00,"2456 Lebsack Rapid
O'Connertown",,United States,New Mexico,NM,South Kameronstad,,
Sage,Goldner,male,aufderhar.drake@example.org,,Pending,,P@s$w0rd!,2023-01-28 05:49:06,1000000,2024-11-15 19:00:00,"236 Hansen Walks Apt. 814
North Modesta",,United States,New York,NY,Bridgetteton,NH 70134,A special Note
Cristian,Brekke,male,ned.gutmann@example.net,+16697496429,Active,,P@s$w0rd!,2023-04-09 22:41:31,1000001,2024-12-15 19:00:00,"5771 Bergstrom Radial Suite 588
Port Anjalishire",,United States,North Carolina,NC,East Efrainbury,LA 17459,
Ona,Goodwin,female,karson97@example.com,,Active,,P@s$w0rd!,2021-12-17 04:33:23,1000001,2024-11-15 19:00:00,"4483 Rohan Brooks Apt. 180
Arlieland",,United States,North Dakota,ND,East Javierport,,
Cleve,Douglas,male,umurphy@example.com,,Pending,,P@s$w0rd!,2021-06-18 12:19:41,1000002,2024-12-15 19:00:00,"15354 Fern Manor Suite 598
Evangelinetown",,United States,Ohio,OH,Lake Antonietta,WI 74623,